label,message
ham,"Hello how are you"
ham,"Can you call me when you are free"
spam,"Congratulations you have won a free prize"
ham,"Please bring the notes tomorrow"
spam,"You have won 100000 rupees click this link now"
ham,"Are we meeting today"
spam,"URGENT you have been selected for a cash reward"
ham,"Thank you for your message"
spam,"Claim your free gift now"
ham,"I will call you later"
spam,"You have won a lottery prize claim now"
ham,"Please send me the assignment"
spam,"Free entry in a competition click now"
ham,"Good morning have a nice day"
spam,"Win cash instantly by clicking this link"
